test	1	Mouser	546-1591XXBFLBK
test	1	Mouser	546-1593HAMBONEBK
test	1	Mouser	546-1591DS-BK
test	1	Mouser	546-1591CFLBK
test	1	Mouser	546-1591XXCFLBK
test	1	Mouser	546-1591CGY
test	1	Mouser	546-1591XXDSFLBK
test	1	Mouser	789-S1A-434313SW
test	1	Mouser	789-S3A-434313S
test	1	Mouser	546-1590LB
test	1	Mouser	546-1590LBFL
test	1	Mouser	546-1593HAMBONETBU
test	1	Mouser	546-1590A
test	1	Mouser	563-DMB-4772
test	1	Mouser	546-1550P
test	1	Mouser	546-1599-CLIP
test	1	Mouser	546-1593HAMPIGY
test	1	Mouser	546-1553BBK
test	1	Mouser	546-1591ES-BK
test	1	Mouser	546-1591XXESBK
test	1	Mouser	546-1593HAMPICLR
test	1	Mouser	563-CU-124
test	1	Mouser	546-1590G
test	1	Mouser	546-1590LBFLBK
test	1	Mouser	563-HH-3570-B
test	1	Mouser	546-1591AS-BK
test	1	Mouser	546-1593KTBU
test	1	Mouser	546-1593PBK
test	1	Mouser	546-1591BS-BK
test	1	Mouser	546-1591XXLSBK
test	1	Mouser	546-1591LS-BK
test	1	Mouser	546-1591XXLSFLBK
test	1	Mouser	546-1591XXBSFLBK
test	1	Mouser	546-1591CS-BK
test	1	Mouser	546-1591XXCSBK
test	1	Mouser	546-1591XXCSFLBK
test	1	Mouser	789-S3A-251510
test	1	Mouser	789-S1A-302112
test	1	Mouser	789-S3A-302112
test	1	Mouser	546-1591MFLBK
test	1	Mouser	546-1591XXAFLBK
test	1	Mouser	635-131-B
test	1	Mouser	546-1593QBK
test	1	Mouser	635-M-4-B
test	1	Mouser	546-1591B-BK
test	1	Mouser	546-1591L-BK
test	1	Mouser	635-A-20-B
test	1	Mouser	546-1593YBK
test	1	Mouser	546-1591GS-BK
test	1	Mouser	546-1591SS-BK
test	1	Mouser	635-2003-DB9
test	1	Mouser	563-PB-1558-TF
test	1	Mouser	546-1596B-108
test	1	Mouser	563-CU-1952
test	1	Mouser	563-USB-7201-C
test	1	Mouser	789-P3A-180804U
test	1	Mouser	789-P3A-180804UB
test	1	Mouser	789-P1A-180804U
test	1	Mouser	789-P3A-120704
test	1	Mouser	546-1551NFLBK
test	1	Mouser	789-P3A-090604-BS
test	1	Mouser	789-P3A-090604-CU
test	1	Mouser	789-P3A-090604-TU
test	1	Mouser	546-1551LBK
test	1	Mouser	789-P3A-201005U
test	1	Mouser	546-1551KBK
test	1	Mouser	546-1551KFLBK
test	1	Mouser	546-1551KTBU
test	1	Mouser	546-1551KGY
test	1	Mouser	546-1551GFLBK
test	1	Mouser	789-P3A-220705U
test	1	Mouser	546-1551JBK
test	1	Mouser	789-P1A-260906U
test	1	Mouser	546-1593KGY
test	1	Mouser	546-1591XXMSBK
test	1	Mouser	546-1590B
test	1	Mouser	546-1590B-BK
test	1	Mouser	563-NBD15442
test	1	Mouser	546-1551HBK
test	1	Mouser	546-1551GBK
test	1	Mouser	789-P3A-260906U
test	1	Mouser	546-1593KBK
test	1	Mouser	546-1599B-BK
test	1	Mouser	546-1590A-BK
test	1	Mouser	546-1591DFLBK
test	1	Mouser	546-1590H-BK
test	1	Mouser	546-1590BB
test	1	Mouser	546-1455C801BK
test	1	Mouser	563-AN-1304
test	1	Mouser	546-1590WSBK
test	1	Mouser	546-1590WBBFLBK
test	1	Mouser	546-1554TGY
test	1	Mouser	546-1555J2GY
test	1	Mouser	563-PN-1329-DGMB
test	1	Mouser	546-1455T1601
test	1	Mouser	563-PN-1340-C
test	1	Mouser	546-1455T2201BK
test	1	Mouser	563-SNB-3749
test	1	Mouser	570-WBENCLOSURE
test	1	Mouser	563-PB-1577-TF
test	1	Mouser	810-CXA-L10A
test	1	Mouser	810-CXA-L10L
test	1	Mouser	810-CXA-L0612A-VJL
test	1	Mouser	810-CXA-P1612-VJL
test	1	Mouser	696-SSB-COB7540GW
test	1	Mouser	810-CXA-M10L-L
test	1	Mouser	810-CXA-M10A-L
test	1	Mouser	810-CXA-P1012B-NJL
test	1	Mouser	810-CXA-P1212A-WJL
test	1	Mouser	810-CXA-P1212-VJL
test	1	Mouser	810-CXA-0543
test	1	Mouser	810-CXA-0549
test	1	Mouser	810-CXA-P1212E-WJL
test	1	Mouser	810-CXA-0538
test	1	Mouser	810-CXA-0547
test	1	Mouser	560-BF3100-20B
test	1	Mouser	696-SSB-DL6528SRW
test	1	Mouser	560-BXA-24529
test	1	Mouser	560-BF26250-24B
test	1	Mouser	560-BF26318-20B
test	1	Mouser	810-CXA-P20L-L
test	1	Mouser	607-GALILEO
