References	Qty	Mouser
test1	1	546-1591XXBFLBK
test2	1	546-1593HAMBONEBK
test3	1	546-1591DS-BK
test4	1	546-1591CFLBK
test5	1	546-1591XXCFLBK
test6	1	546-1591CGY
test7	1	546-1591XXDSFLBK
test8	1	789-S1A-434313SW
test9	1	789-S3A-434313S
test10	1	546-1590LB
test11	1	546-1590LBFL
test12	1	546-1593HAMBONETBU
test13	1	546-1590A
test14	1	563-DMB-4772
test15	1	546-1550P
test16	1	546-1599-CLIP
test17	1	546-1593HAMPIGY
test18	1	546-1553BBK
test19	1	546-1591ES-BK
test20	1	546-1591XXESBK
test21	1	546-1593HAMPICLR
test22	1	563-CU-124
test23	1	546-1590G
test24	1	546-1590LBFLBK
test25	1	563-HH-3570-B
test26	1	546-1591AS-BK
test27	1	546-1593KTBU
test28	1	546-1593PBK
test29	1	546-1591BS-BK
test30	1	546-1591XXLSBK
test31	1	546-1591LS-BK
test32	1	546-1591XXLSFLBK
test33	1	546-1591XXBSFLBK
test34	1	546-1591CS-BK
test35	1	546-1591XXCSBK
test36	1	546-1591XXCSFLBK
test37	1	789-S3A-251510
test38	1	789-S1A-302112
test39	1	789-S3A-302112
test40	1	546-1591MFLBK
test41	1	546-1591XXAFLBK
test42	1	635-131-B
test43	1	546-1593QBK
test44	1	635-M-4-B
test45	1	546-1591B-BK
test46	1	546-1591L-BK
test47	1	635-A-20-B
test48	1	546-1593YBK
test49	1	546-1591GS-BK
test50	1	546-1591SS-BK
test51	1	635-2003-DB9
test52	1	563-PB-1558-TF
test53	1	546-1596B-108
test54	1	563-CU-1952
test55	1	563-USB-7201-C
test56	1	789-P3A-180804U
test57	1	789-P3A-180804UB
test58	1	789-P1A-180804U
test59	1	789-P3A-120704
test60	1	546-1551NFLBK
test61	1	789-P3A-090604-BS
test62	1	789-P3A-090604-CU
test63	1	789-P3A-090604-TU
test64	1	546-1551LBK
test65	1	789-P3A-201005U
test66	1	546-1551KBK
test67	1	546-1551KFLBK
test68	1	546-1551KTBU
test69	1	546-1551KGY
test70	1	546-1551GFLBK
test71	1	789-P3A-220705U
test72	1	546-1551JBK
test73	1	789-P1A-260906U
test74	1	546-1593KGY
test75	1	546-1591XXMSBK
test76	1	546-1590B
test77	1	546-1590B-BK
test78	1	563-NBD15442
test79	1	546-1551HBK
test80	1	546-1551GBK
test81	1	789-P3A-260906U
test82	1	546-1593KBK
test83	1	546-1599B-BK
test84	1	546-1590A-BK
test85	1	546-1591DFLBK
test86	1	546-1590H-BK
test87	1	546-1590BB
test88	1	546-1455C801BK
test90	1	546-1590WSBK
test91	1	546-1590WBBFLBK
test92	1	546-1554TGY
test93	1	546-1555J2GY
test94	1	563-PN-1329-DGMB
test95	1	546-1455T1601
test96	1	563-PN-1340-C
test97	1	546-1455T2201BK
test98	1	563-SNB-3749
test99	1	570-WBENCLOSURE
test100	1	563-PB-1577-TF
test101	1	810-CXA-L10A
test102	1	810-CXA-L10L
test103	1	810-CXA-L0612A-VJL
test104	1	810-CXA-P1612-VJL
test105	1	696-SSB-COB7540GW
test106	1	810-CXA-M10L-L
test107	1	810-CXA-M10A-L
test108	1	810-CXA-P1012B-NJL
test109	1	810-CXA-P1212A-WJL
test110	1	810-CXA-P1212-VJL
test111	1	810-CXA-0543
test112	1	810-CXA-0549
test113	1	810-CXA-P1212E-WJL
test114	1	810-CXA-0538
test115	1	810-CXA-0547
test116	1	560-BF3100-20B
test117	1	696-SSB-DL6528SRW
test118	1	560-BXA-24529
test119	1	560-BF26250-24B
test120	1	560-BF26318-20B
test121	1	810-CXA-P20L-L
